confidence,rationale,author,place_id,rating,accommodation_quality,adventure_level,beach_quality,cost_level,cultural_richness,family_friendliness,food_variety,historical_significance,mountain_terrain,natural_scenery,nightlife_intensity,relaxation_level,safety,transportation_accessibility,urban_vibrancy
0.8,"The natural scenery is described as pristine and beautiful, indicating a high score. Adventure level is moderate due to activities like ice skating. Family friendliness and cultural richness are uncertain, leading to a score of 0.5. Food variety is limited due to closed establishments, hence a lower score. Safety and relaxation levels are perceived positively.",Никита,0,5,0.5,0.7,0.5,0.5,0.5,0.5,0.3,0.5,0.6,0.9,0.2,0.8,0.8,0.5,0.2
0.8,"The text indicates good organization and logistics but mentions cold weather, suggesting a winter setting with limited outdoor activities. Most features are rated as unknown due to lack of specific information.",Юлия,1,5,0.5,0.5,0.0,0.5,0.5,0.5,0.5,0.5,0.0,0.5,0.0,0.5,0.5,0.5,0.5
0.8,"The text indicates a balanced mix of activities and relaxation, suggesting a moderate adventure level and good natural scenery. However, it lacks specific details on cultural richness, nightlife, and accommodation quality.",Екатерина,2,5,0.5,0.7,0.0,0.5,0.5,0.5,0.5,0.0,0.8,0.9,0.0,0.6,0.5,0.5,0.5
0.8,"The text emphasizes the scenic beauty of Baikal and the positive experiences of the author, suggesting high natural scenery. Other features are less clear, leading to a default score of 0.5.",Сергей,3,5,0.5,0.5,0.5,0.5,0.5,0.5,0.5,0.5,0.5,1.0,0.5,0.5,0.5,0.5,0.5
0.9,"The text highlights the stunning natural scenery and adventure opportunities in the Caucasus region, particularly with activities like hiking and visiting thermal springs. Accommodation quality is noted as good, but with some comfort issues. Cultural richness is present through excursions and knowledgeable guides. Family-friendliness is implied through the overall positive experience. Mountain terrain is prominent, and safety is perceived as high. Nightlife and food variety are less emphasized, leading to moderate scores.",Светлана Жукова,4,5,0.7,0.9,0.0,0.5,0.6,0.7,0.5,0.5,1.0,1.0,0.4,0.6,0.8,0.6,0.5
0.8,"The text mentions a wonderful tour and impressive locations, suggesting a moderate level of adventure and cultural richness, but lacks specific details on many features.",Михаил,5,5,0.5,0.5,0.0,0.5,0.5,0.5,0.5,0.5,0.5,0.5,0.0,0.5,0.5,0.5,0.5
0.7,"The text mentions enjoyment of the places along the route, indicating some level of natural scenery and adventure, but lacks specific details on many features.",София,6,5,0.5,0.5,0.0,0.5,0.5,0.5,0.5,0.5,0.5,0.5,0.0,0.5,0.5,0.5,0.0
0.9,"The text emphasizes the mountainous terrain and scenic beauty, indicating high natural scenery and mountain terrain scores. Accommodation is described as well-equipped and conveniently located, suggesting good quality. The presence of interesting historical and cultural insights from guides indicates cultural richness. Food variety is highlighted as tasty and generous. Adventure level is inferred from the nature of the tour, while family-friendliness and safety are moderately addressed. Nightlife is mentioned but not emphasized, leading to a lower score.",Владислав,7,5,0.8,0.7,0.0,0.5,0.7,0.6,0.8,0.7,0.9,0.9,0.5,0.6,0.7,0.8,0.6
0.8,"The text emphasizes an engaging journey with a strong focus on historical events, indicating high cultural richness and historical significance. Other features are less clear, leading to more neutral or unknown values.",Светлана,8,5,0.5,0.5,0.0,0.5,0.8,0.5,0.5,0.9,0.0,0.5,0.0,0.5,0.5,0.5,0.5
0.95,"The text highlights the professionalism of the guide, the beauty of the natural scenery, and the safety of the experience, indicating high adventure and relaxation levels. However, it lacks information on nightlife and beach quality, leading to lower scores in those areas.",Карасев Андрей Владимирович,9,5,0.8,0.9,0.0,0.5,0.7,0.6,0.5,0.6,1.0,1.0,0.0,0.9,0.9,0.8,0.2
0.7,"The text indicates a positive experience in a city, suggesting some level of cultural richness and urban vibrancy, but lacks specific details to confidently assess other features.",Лариса,10,5,0.5,0.5,0.0,0.5,0.5,0.5,0.5,0.5,0.0,0.5,0.5,0.5,0.5,0.5,0.5
0.7,"The text does not provide specific details about the features, leading to many unknowns. However, it suggests a positive experience, indicating moderate levels for most features.",Кирилл,11,5,0.5,0.5,0.0,0.5,0.5,0.5,0.5,0.5,0.5,0.5,0.0,0.5,0.5,0.5,0.5
0.95,"The location offers a cozy hotel with high-quality accommodation and diverse food options, making it family-friendly. The cultural richness is evident through historical tours and activities related to Ded Moroz. Adventure activities are available, but there are no beaches or nightlife. The natural scenery is picturesque, especially with snow. Overall, the place is safe and accessible.",Ольга,12,5,0.9,0.7,0.0,0.5,0.8,0.9,0.9,0.7,0.0,0.8,0.0,0.8,0.8,0.8,0.6
0.9,"The text describes a pleasant stay with good accommodation, beautiful natural scenery, and various outdoor activities, indicating high scores in those areas. However, it lacks information on nightlife and cultural richness, leading to moderate scores.",Марина,13,5,0.8,0.7,0.0,0.5,0.5,0.7,0.8,0.5,0.9,0.9,0.3,0.8,0.7,0.5,0.4
0.8,"The text describes a well-organized tour in Nizhny Novgorod with a rich program, but lacks specific details on many features, leading to a mix of moderate scores.",Ольга,14,5,0.5,0.5,0.0,0.5,0.5,0.5,0.5,0.5,0.0,0.5,0.5,0.5,0.5,0.5,0.5
0.8,"Алтай описывается как место силы с прекрасным природным окружением, что указывает на высокое качество природных ландшафтов и уровень релаксации. Однако, информация о других аспектах, таких как ночная жизнь, безопасность и доступность транспорта, не представлена, поэтому они оценены как неизвестные.",Екатерина,15,5,0.5,0.5,0.0,0.5,0.5,0.5,0.5,0.5,1.0,1.0,0.0,1.0,0.5,0.5,0.5
0.5,The text provides a general impression of the experience but lacks specific details to accurately assess the features.,Ольга,16,5,0.5,0.5,0.5,0.5,0.5,0.5,0.5,0.5,0.5,0.5,0.5,0.5,0.5,0.5,0.5
0.9,"The text highlights cultural richness through unique architectural structures and local cuisine, suggesting a moderate level of adventure and family-friendliness. However, it lacks information on nightlife and beach quality, leading to lower scores in those areas.",Светлана,17,5,0.5,0.5,0.0,0.5,0.8,0.5,0.7,0.8,0.0,0.6,0.0,0.6,0.5,0.5,0.5
0.9,"The text describes a rich experience in the Caucasus with beautiful natural scenery, cultural richness, and good food variety. It mentions the presence of mountains and a peaceful atmosphere, indicating high relaxation levels. However, it lacks specific details on nightlife and transportation accessibility.",Наталья,19,5,0.8,0.7,0.0,0.5,0.9,0.7,0.9,0.8,1.0,1.0,0.5,0.9,0.8,0.5,0.6
0.8,"The text indicates a well-organized tour with excellent guides, suggesting a moderate level of quality and experience, but lacks specific details on many features.",Виталий,20,5,0.5,0.5,0.0,0.5,0.5,0.5,0.5,0.5,0.5,0.5,0.0,0.5,0.5,0.5,0.5
0.9,"The text highlights the relaxing nature of the trip, the quality of accommodation, and the pleasant food experience, indicating high accommodation quality, food variety, and relaxation level. However, it lacks details on nightlife, beach quality, and cultural richness, leading to moderate scores for those features.",Виктория,21,5,0.9,0.3,0.0,0.5,0.5,0.5,0.8,0.5,0.7,0.8,0.0,0.9,0.8,0.7,0.4
0.8,"The text highlights the stunning nature and rich history of Ingushetia and North Ossetia, suggesting high natural scenery and historical significance. Cultural richness is noted, but specific details on accommodation, food variety, and adventure activities are less clear, leading to moderate scores.",Оксана,22,5,0.5,0.5,0.0,0.5,0.7,0.5,0.5,0.7,0.8,0.9,0.5,0.6,0.5,0.5,0.5
0.9,"The text indicates a positive experience with organized tours and cultural attractions, suggesting a rich cultural environment and historical significance. However, it lacks specific details on accommodation quality, food variety, and safety, leading to a moderate confidence level.",Лидия,23,5,0.5,0.5,0.0,0.5,0.8,0.5,0.5,0.8,0.0,0.5,0.5,0.5,0.5,0.5,0.7
0.8,"The tour emphasizes adventure and natural scenery, particularly in mountainous areas, while cultural richness is noted through storytelling. However, there is no mention of beaches or nightlife, and accommodation quality and cost are uncertain.",Анастасия,24,5,0.5,0.8,0.0,0.5,0.7,0.5,0.5,0.6,0.9,0.9,0.0,0.8,0.5,0.5,0.5
0.9,"The tour included comfortable accommodations in the mountains and good food, indicating high accommodation quality and food variety. The presence of mountains suggests high mountain terrain and natural scenery. Adventure level is moderate due to jeep travel. Beach quality is decent but not peak season. Cultural richness and historical significance are uncertain, hence rated as average. Nightlife is likely low due to the off-season.",Никита,25,5,0.8,0.7,0.6,0.5,0.5,0.5,0.8,0.5,0.9,0.9,0.3,0.8,0.5,0.5,0.4
0.9,"The region is described as having unique natural attractions and rich cultural history, indicating high natural scenery and cultural richness. Adventure level is high due to the mention of various outdoor activities. Food variety is noted as unique and tasty, while accommodation quality and transportation accessibility are average due to some infrastructure issues. Safety and family-friendliness are uncertain, leading to a neutral score.",Елена,26,5,0.5,0.8,0.0,0.5,0.8,0.5,0.7,0.7,0.9,0.9,0.0,0.7,0.5,0.5,0.5
0.9,"The text highlights the stunning natural scenery and high-quality excursions and food, but mentions noise issues in accommodation, indicating a moderate nightlife intensity and relaxation level.",Регина,27,5,0.7,0.5,0.0,0.5,0.5,0.5,0.7,0.5,0.8,1.0,0.6,0.4,0.5,0.5,0.5
0.9,"The trip description highlights beautiful scenery, interesting excursions, and good food, indicating a rich cultural experience and family-friendly atmosphere. However, specific details about accommodation quality, nightlife, and safety are less clear, leading to moderate scores.",Екатерина,28,5,0.5,0.7,0.0,0.5,0.6,0.8,0.7,0.6,0.5,0.8,0.3,0.6,0.5,0.5,0.4
0.9,"The text highlights the quality of guides and cultural richness, indicating a strong presence of historical significance and family-friendly experiences. However, it lacks details on beaches, mountains, and nightlife.",Светлана,29,5,0.5,0.2,0.0,0.5,0.8,0.7,0.5,0.8,0.0,0.5,0.3,0.4,0.7,0.6,0.7
0.9,"Текст подчеркивает невероятные виды и интересные маршруты, что указывает на высокую природную красоту и уровень приключений. Остальные характеристики не упоминаются явно, поэтому оценены как 0.5.",Ольга,30,5,0.5,0.8,0.5,0.5,0.5,0.5,0.5,0.5,0.5,1.0,0.5,0.5,0.5,0.5,0.5
0.7,"Текст содержит только положительные эмоции от поездки, но не предоставляет конкретной информации о характеристиках места.",Яна,31,5,0.5,0.5,0.0,0.5,0.5,0.5,0.5,0.5,0.5,0.5,0.0,0.5,0.5,0.5,0.5
